shell,target,auc,spearman_distance,mae_distance,compass_rank_first_dag,random_rank_first_dag,compass_rank_first_direct_parent,random_rank_first_direct_parent,precision_at_10
10,el2xptp0,0.8408454536930703,0.4094895290521004,2.8145636304209414,10,11,64,251,0.1
10,f1finf1o,0.7839946593973814,0.3350497020668213,2.6775580102388536,1,6,484,358,1.0
10,f1opwfi,0.7871507946794145,0.35706082433701203,2.9033480421014177,3,3,93,696,0.1
10,fnsuppeq0,0.8001980116493586,0.3464344217736152,3.276134943204432,9,9,163,224,0.1
10,isores3,0.8218144872455173,0.4715522464999672,2.7946610620755545,6,16,238,31,0.2
10,naddoa,0.7440642789107393,0.18310228239068727,3.878537454032483,1,6,274,352,0.7
10,naddss1,0.7631189663405259,0.23617521823565646,3.2983274838535896,1,4,651,1952,0.7
10,naddssim,0.7615719888580457,0.28879504773566184,3.282231398469818,1,4,101,42,0.7
10,nnaword1,0.7876165295217089,0.34379687540467474,2.8300815527062984,1,16,535,1570,0.8
10,nnsdomo,0.7683244356745677,0.2610563633675722,3.10111233718763,1,3,620,524,0.2
10,oa0,0.8104176613007741,0.23235975660079272,2.5793820379753285,1,4,1594,29,1.0
10,oalim,0.7732951113827672,0.2355432701325781,3.097336372490043,3,5,789,225,0.1
10,oaword2,0.7833087795327373,0.21295847832381087,3.3645871182365537,1,1,818,12,1.0
10,oelim,0.7714386142354528,0.2561979737865268,3.194260407619243,3,1,349,346,0.1
10,oesuc,0.7801008890212718,0.19015203015191048,4.507628647284906,2,7,6082,5472,0.2
10,onfin,0.7886484284084305,0.2607330169511569,4.0176509002741545,1,9,84,1845,1.0
10,rdgsuc,0.7863063134671032,0.18794894966693204,3.759503881976761,6,2,448,3183,0.1
10,releldmdifi,0.8702484034179365,0.3706729627001346,3.079980132500843,1,3,82,385,0.7
10,unbnn2,0.7642048881769934,0.2581244595003495,2.589006204286971,2,2,249,171,0.1
10,wfr3g,0.8033736832626683,0.36413978618194925,2.704104437062064,3,10,162,26,0.3
20,el2xptp0,0.8577727160251001,0.4119197642142843,2.5226712115897434,38,11,53,251,0.0
20,f1finf1o,0.826252971692563,0.4049900400643515,2.168145874068446,1,7,155,349,0.9
20,f1opwfi,0.8422819207519205,0.40842292413546,2.2025759701128695,4,3,25,373,0.1
20,fnsuppeq0,0.8131621969050213,0.36811528398933635,2.387707762828236,12,4,174,154,0.0
20,isores3,0.8649424879085489,0.42971782036523254,2.740063036776933,27,5,257,42,0.0
20,naddoa,0.7683626309052409,0.2511370871533121,2.384378067313535,1,1,26,1019,0.3
20,naddss1,0.7837038978322602,0.26188702369706274,2.5239265765619936,1,8,438,1842,0.4
20,naddssim,0.7838710578432274,0.28720256608992967,2.6505126151991676,1,3,32,15,0.3
20,nnaword1,0.8112291601427947,0.407258706024662,3.196747652801518,1,2,309,1499,1.0
20,nnsdomo,0.8200876534746411,0.34045674994485,2.0944826694182357,1,2,570,95,1.0
20,oa0,0.8270222706221344,0.2930436435605195,2.2014569833427124,1,11,928,112,1.0
20,oalim,0.7919798249932226,0.22183176894886952,2.7098210501899556,11,1,915,95,0.0
20,oaword2,0.8058027432302508,0.2419650566413221,2.694065368525337,1,1,653,47,0.9
20,oelim,0.7935169125169043,0.24456586196570865,2.766695805050549,13,7,1383,385,0.0
20,oesuc,0.8075188211300388,0.27726354186157093,3.152887078460833,12,7,2507,5333,0.0
20,onfin,0.8232297639037428,0.35916649693648944,2.6275708768241826,1,2,8,1556,1.0
20,rdgsuc,0.821092937502861,0.27515721909769897,2.5471536744885834,18,2,188,2902,0.0
20,releldmdifi,0.8723183760038798,0.38100444726557237,2.9803395759007105,1,10,29,252,0.9
20,unbnn2,0.8023501249941041,0.30868905681715425,2.0596866841122945,15,4,502,781,0.0
20,wfr3g,0.8109564346696174,0.3894445914029426,2.3372990930680744,17,15,323,117,0.0
40,el2xptp0,0.8644059384651609,0.4560653171607899,2.464281089348831,45,7,86,131,0.0
40,f1finf1o,0.8285275893413968,0.4074733893730935,2.1619562119233287,1,4,230,333,1.0
40,f1opwfi,0.8411926496715756,0.4560124948620847,2.1146284671497555,1,2,16,364,0.9
40,fnsuppeq0,0.8301173452626154,0.4031468556680484,2.3793496595555115,10,2,264,14,0.1
40,isores3,0.8630075597468639,0.43461811427626873,2.688193971898241,22,2,163,21,0.0
40,naddoa,0.7689017094768308,0.2701993225908629,2.0993754811492793,8,2,26,157,0.1
40,naddss1,0.7916452916320631,0.3007691250930012,2.2659559302689725,8,2,682,1406,0.1
40,naddssim,0.7924882972498537,0.28750848978284066,2.464711559860858,10,3,35,149,0.1
40,nnaword1,0.8155317963540283,0.4111190120750683,3.6772358712966278,1,11,371,1253,1.0
40,nnsdomo,0.8179721441486216,0.3309982910914517,2.023138448959298,1,5,155,43,0.5
40,oa0,0.83068318679217,0.31207129651554905,2.20494270451451,1,5,1150,37,1.0
40,oalim,0.8036086915358438,0.2881170581261781,2.6466660524929395,12,10,946,88,0.0
40,oaword2,0.8096943362818977,0.24947894344869845,2.5911526814121504,1,2,759,458,0.6
40,oelim,0.8065292164185709,0.28291904993728223,2.690731598383864,14,7,1002,680,0.0
40,oesuc,0.8117021824922452,0.3268726337541197,2.926018248531998,19,2,1964,4986,0.0
40,onfin,0.8237021157527212,0.33845193202586143,2.476836551356024,1,1,32,823,1.0
40,rdgsuc,0.819988202130542,0.3303679897518319,2.242815095662765,16,1,154,2557,0.0
40,releldmdifi,0.8886337308941732,0.3814948337492921,2.775660420939677,1,8,27,126,1.0
40,unbnn2,0.8053472042542285,0.3260474671775547,2.0592964028602743,15,3,325,232,0.0
40,wfr3g,0.8286383957369479,0.4190358105859748,2.333992764103909,14,11,223,36,0.0
80,el2xptp0,0.8743605307367529,0.42721658355733433,2.4849655102822696,50,6,165,132,0.0
80,f1finf1o,0.8465924827092819,0.4701981904225492,2.100023963064407,1,2,258,286,1.0
80,f1opwfi,0.8546558967495715,0.44125159815350706,2.3510261170579,2,1,34,176,0.2
80,fnsuppeq0,0.835377894173436,0.4126270284652682,2.357996208960114,42,1,222,50,0.0
80,isores3,0.8803493940954648,0.48011682847273185,2.68782454491517,22,7,341,140,0.0
80,naddoa,0.7795135086458591,0.3735631401071717,1.9057245853138192,1,2,18,90,0.3
80,naddss1,0.8052309851187415,0.37329516452001416,1.9719086146325597,1,1,736,1197,0.4
80,naddssim,0.8074475987059007,0.3693132721267942,2.1186198168867967,1,2,2,120,0.5
80,nnaword1,0.8233363039135422,0.47599903769726065,3.906914795035687,1,5,206,1728,0.7
80,nnsdomo,0.8356021348421476,0.42093593445612554,2.3942397894899536,1,2,244,244,0.7
80,oa0,0.84655297964393,0.40390694685747996,2.224316954406885,1,4,551,761,1.0
80,oalim,0.8252198056072798,0.44715067094496186,2.947257522829877,1,12,1,480,0.5
80,oaword2,0.8295534528949262,0.35889979507377123,2.3863861473287025,1,1,345,563,0.9
80,oelim,0.8298926427630636,0.4142744370636704,2.809428460561504,1,3,1,1532,0.5
80,oesuc,0.831056664825654,0.44510692194039253,2.3571156889457625,1,2,43,4265,0.2
80,onfin,0.8425612591215271,0.43693495066865284,2.190178967373628,1,3,13,584,1.0
80,rdgsuc,0.8497983091492864,0.43835002246539595,2.969936709583412,1,1,51,981,0.9
80,releldmdifi,0.8882678971131059,0.38128829390109586,2.9452733384282888,1,1,24,308,1.0
80,unbnn2,0.8187464292819867,0.3854953326348447,2.051036369024719,2,4,388,583,0.3
80,wfr3g,0.8352617666990012,0.46999768282628795,2.4163743606325334,11,9,93,59,0.0
