shell,n_train_roots,target,candidate_count,auc,spearman_distance,mae_distance,compass_rank_first_dag,random_rank_first_dag,compass_rank_first_direct_parent,random_rank_first_direct_parent,precision_at_10
320,320,dfrn2,3972,0.904907540091821,0.3708050996698986,5.963956451609082,1,5,40,386,0.9
320,320,disjr,1980,0.9433213957759413,0.41454996029456004,2.7958952576641414,1,1,98,312,0.6
320,320,ecexg,4836,0.8718356125584173,0.37342877350890624,4.755713617504061,1,2,1662,2634,0.2
320,320,elunsn,2058,0.9487424457496453,0.4702242898998547,1.7258954861561615,2,1,31,343,0.7
320,320,exmoeu,1302,0.9349487141370597,0.4602180798118251,2.117830646813661,1,7,38,36,0.6
320,320,f1imapss,6294,0.842550761040748,0.4112696703391923,2.866541775226263,43,5,586,21,0.0
320,320,funoprabg,5802,0.8693696535837765,0.36203677094775516,2.135982105106916,2,1,214,31,0.8
320,320,fveq2,3126,0.907145567545065,0.3547642746550602,1.6626296309894688,2,4,1008,269,0.8
320,320,fvtp1g,6240,0.8205883875739645,0.24187587224013413,1.8802729622451786,412,4,980,1419,0.0
320,320,ixpf,7104,0.8326573485436448,0.3044517515273531,2.601525173527479,1,1,266,769,0.9
320,320,nftru,444,0.9266800584368152,0.48986558182854645,4.02339956898248,2,1,3,116,0.4
320,320,oen0,9282,0.7420054475747022,0.2736120856576669,3.678463498532603,3,4,149,45,0.3
320,320,ofmres,8832,0.7888580495333175,0.16699826178839328,4.538740153250219,9,12,197,1000,0.1
320,320,onxpdisj,6114,0.8645810079538812,0.339739867147227,3.4684529670282815,2,16,268,543,0.8
320,320,opelidres,4536,0.9093099997200527,0.5138658972605955,2.046565592079193,1,4,99,369,0.9
320,320,pm2.48,516,0.9458491076257436,0.16329656284341845,2.5399490134859537,2,7,104,71,0.7
320,320,rabxm,2682,0.9325515867653609,0.2779549658436054,2.0580317684181,1,4,72,62,0.7
320,320,rex0,1764,0.9476745800360961,0.3837114366722482,1.7383732443953273,2,2,221,622,0.7
320,320,riotass2,4446,0.8577994867788177,0.2602456402416304,3.636731084840902,1,2,368,59,0.3
320,320,unab,2328,0.9362837442873844,0.32413256736084356,1.8988779709196477,1,15,68,160,1.0
640,640,dfrn2,3972,0.9075412327379269,0.35783325913344316,5.810303412093107,1,5,62,386,1.0
640,640,disjr,1980,0.9419990817263545,0.4275667544445967,1.7782579541127237,1,1,67,312,0.8
640,640,ecexg,4836,0.8637701728352493,0.3581581662512983,5.0456726855463465,1,2,1373,2634,0.3
640,640,elunsn,2058,0.9505427160451853,0.4788639304470341,1.8823319907362268,1,1,47,343,0.9
640,640,exmoeu,1302,0.9397693728896346,0.41433434842124234,2.1497204178990295,1,7,25,36,0.5
640,640,f1imapss,6294,0.8439795129230162,0.3783685171018918,2.899196252577186,35,5,264,21,0.0
640,640,funoprabg,5802,0.863444656070171,0.3517418282717817,2.0300008502883706,1,1,244,31,0.9
640,640,fveq2,3126,0.9081859409595454,0.399148386296848,1.718370823235087,1,4,1034,269,0.9
640,640,fvtp1g,6240,0.8157379807692309,0.22349303668773304,1.9873991997685179,232,4,505,1419,0.0
640,640,ixpf,7104,0.8252625804647553,0.31839635809070893,2.8076972518019336,1,1,185,769,0.7
640,640,nftru,444,0.9385500365230094,0.533053098922934,2.6130974034844043,1,1,1,116,0.5
640,640,oen0,9282,0.7322165071939747,0.2657309078937818,3.1228140065464354,1,4,17,45,0.3
640,640,ofmres,8832,0.787100883152174,0.1333634765378292,2.9677195548743307,16,12,355,1000,0.0
640,640,onxpdisj,6114,0.8664289201924957,0.33852524450274346,3.579404824947983,1,16,264,543,0.9
640,640,opelidres,4536,0.9039252120601327,0.5118099172467183,1.904972765819485,1,4,91,369,1.0
640,640,pm2.48,516,0.9471741481882099,0.2176085631755351,2.513456818226001,2,7,96,71,0.7
640,640,rabxm,2682,0.9309380458337714,0.27927143734590715,2.639043734986256,2,4,79,62,0.7
640,640,rex0,1764,0.9502614651302699,0.4097065288089965,1.717412985920895,1,2,113,622,0.6
640,640,riotass2,4446,0.8516656012500888,0.1786995721191333,3.88166984975722,4,2,733,59,0.2
640,640,unab,2328,0.9360924380911894,0.3324866214186713,1.5333167398598735,2,15,104,160,0.9
1280,1280,dfrn2,3972,0.9073947390038426,0.3761215304576108,3.7548776961890407,1,5,39,386,1.0
1280,1280,disjr,1980,0.9410936639118457,0.442501892838357,1.5199434318361333,1,1,112,312,0.8
1280,1280,ecexg,4836,0.8430564192871085,0.3963020101063189,2.246884112437237,1,2,2565,2634,0.3
1280,1280,elunsn,2058,0.947309369395405,0.49267165125271223,1.5451367953302453,1,1,23,343,1.0
1280,1280,exmoeu,1302,0.9365456900762387,0.4482998898863701,2.0857490066639914,3,7,27,36,0.6
1280,1280,f1imapss,6294,0.8218464905066426,0.36448803233501564,3.0945977684003134,14,5,87,21,0.0
1280,1280,funoprabg,5802,0.8511810105776029,0.3355782944051481,1.9779911013690672,1,1,103,31,0.9
1280,1280,fveq2,3126,0.8948541303635045,0.39298303904022314,1.6409905419581505,1,4,89,269,1.0
1280,1280,fvtp1g,6240,0.8258555843195265,0.23615002686999134,3.3156233976939706,64,4,277,1419,0.0
1280,1280,ixpf,7104,0.8092255552638788,0.28985365428092197,2.574692620679365,1,1,50,769,0.6
1280,1280,nftru,444,0.937563915266618,0.5192628779472778,3.017073079025192,1,1,1,116,0.7
1280,1280,oen0,9282,0.7216351101282159,0.2455293082529054,2.3885785339641044,1,4,29,45,0.3
1280,1280,ofmres,8832,0.7644426024929112,0.17019256109851244,3.3451475367996677,50,12,261,1000,0.0
1280,1280,onxpdisj,6114,0.8600927808344112,0.3390223313118971,3.041264246234004,1,16,216,543,0.9
1280,1280,opelidres,4536,0.9019841269841271,0.4959364962781802,2.029023548827067,1,4,103,369,0.7
1280,1280,pm2.48,516,0.9477420227149811,0.23965976666467537,2.5210238373364047,2,7,48,71,0.8
1280,1280,rabxm,2682,0.9268861762983649,0.2636131672343395,2.3154342474752725,1,4,76,62,0.8
1280,1280,rex0,1764,0.9505136748576981,0.42969698876644136,1.7685675721533325,1,2,107,622,0.6
1280,1280,riotass2,4446,0.8604107590683342,0.151208779234824,2.836296363760544,1,2,270,59,0.5
1280,1280,unab,2328,0.9337449516420449,0.3167396037679812,1.5354617891050004,1,15,60,160,1.0
2560,2560,dfrn2,3972,0.9052817608455563,0.38474544091796803,3.1077864538371944,1,5,30,386,1.0
2560,2560,disjr,1980,0.9427979797979799,0.45916389502062016,1.578393432305213,1,1,89,312,0.7
2560,2560,ecexg,4836,0.8802212315819935,0.3783677763527011,3.16751005544668,1,2,1047,2634,0.9
2560,2560,elunsn,2058,0.9480284575304507,0.4920410863081783,1.513291221208718,1,1,11,343,1.0
2560,2560,exmoeu,1302,0.938295567967041,0.4369796182736536,2.0991728342572364,3,7,21,36,0.4
2560,2560,f1imapss,6294,0.8281449217149022,0.3540295260393515,2.912167878992011,2,5,167,21,0.2
2560,2560,funoprabg,5802,0.8615284748296687,0.3042038971105782,2.9233360087499674,1,1,163,31,0.7
2560,2560,fveq2,3126,0.9102121639693339,0.3842583528834572,1.7690251377637427,1,4,20,269,1.0
2560,2560,fvtp1g,6240,0.8353590976331361,0.2645488652496878,2.122085561863553,1,4,73,1419,0.2
2560,2560,ixpf,7104,0.8152414370662893,0.30927378441273046,2.5571242014140254,1,1,120,769,0.6
2560,2560,nftru,444,0.9355916727538349,0.5417352790836333,2.86363067388335,1,1,1,116,0.5
2560,2560,oen0,9282,0.7164461430490086,0.24371576042954052,2.636464772900738,1,4,32,45,0.2
2560,2560,ofmres,8832,0.7514721356628071,0.18218985584666728,2.717641899739173,78,12,276,1000,0.0
2560,2560,onxpdisj,6114,0.8557813708334576,0.34271820730802904,2.9863531352913135,1,16,225,543,0.9
2560,2560,opelidres,4536,0.9023613560650597,0.49501144022372423,1.9209965159735671,1,4,96,369,0.8
2560,2560,pm2.48,516,0.9540697674418605,0.26577203516816683,2.5017923766387034,3,7,25,71,0.5
2560,2560,rabxm,2682,0.9261114364217828,0.23107935098702598,2.166707689909373,1,4,47,62,0.9
2560,2560,rex0,1764,0.9517770373455505,0.4356725958209032,1.9082982949621103,1,2,116,622,0.7
2560,2560,riotass2,4446,0.8591435507693765,0.1576746208937225,2.9492536065967836,1,2,118,59,0.7
2560,2560,unab,2328,0.9332241736635137,0.3308799526100137,1.8392754169973347,1,15,58,160,0.9
