target_id,ground_truth_class,source_label_for_audit,training_landmarks_for_audit
W001,P,fiss,f1ores
W002,P,oen0,elun2
W003,P,oe0,elun2
W004,P,tz6.26,frpomin
W005,P,naddoa,elun2;frpomin
W006,P,om1,elun2
W007,P,oa0,elun2
W008,P,nnaword1,elun2
W009,P,imafi2,eqop
W010,P,nnmcl,elun2
W011,P,rdgsucg,elun2
W012,P,inficl,f1ores
W013,P,wfi,frpomin
W014,P,f1imacnv,f1ores
W015,P,isores3,f1ores
W016,P,nnsdomo,elun2;f1ores
W017,P,dftpos4,elun2
W018,P,oelim,elun2
W019,P,wfr3g,frpomin
W020,P,unxpwdom,f1ores
W021,P,omordi,elun2
W022,P,oaword2,elun2
W023,P,unbnn2,elun2
W024,P,naddov,frpomin
W025,P,odi,elun2
W026,P,oaabs2,elun2
W027,P,f1finf1o,elun2;f1ores
W028,P,nnm2,elun2
W029,P,naddword2,frpomin
W030,P,onfin,elun2;f1ores
W031,P,releldmdifi,eqop
W032,P,ordfin,elun2;f1ores
W033,P,oesuc,elun2
W034,P,naddss1,frpomin
W035,P,nnawordi,elun2
W036,I,ax-inf,
W037,P,oecl,elun2
W038,P,el2xptp0,eqop
W039,P,rdgsuc,elun2
W040,P,oeworde,elun2
W041,P,omxpen,elun2
W042,P,naddass,frpomin
W043,P,f1opwfi,f1ores
W044,P,unifi2,elun2;f1ores
W045,P,naddssim,frpomin
W046,P,oalim,elun2
W047,P,fnsuppeq0,rabun2
W048,P,nnesuc,elun2
W049,P,fiuni,f1ores
W050,P,recsval,elun2
